3291871,McRinn,Christabella,1,2019,03,01,1000000,0584,02,000092846,000915346,0
3163802,Achromov,Bambie,3,2020,01,15,1000000,0611,02,000067056,000961691,0
6464755,Matveyev,Nessy,3,2020,03,15,0750000,0743,02,000022389,000992650,0
0536691,Floris,Dorella,3,2018,06,01,1000000,0505,01,000065369,000138386,0
6184974,Pringle,Arley,3,2020,02,01,1000000,0564,02,000098152,000784926,0
0150860,MacKowle,Eleonore,1,2019,10,15,0750000,0442,02,000061047,000045826,0
0014181,Lagen,Valaria,2,2020,08,15,1000000,0403,02,000063182,000350010,0
2446864,Partleton,Omar,2,2020,09,01,0750000,0818,02,000066764,000856015,0
8633426,Muff,Hobey,3,2018,10,01,0750000,0602,02,000071516,000828089,0
3275726,Smails,Ferdy,1,2018,08,01,1000000,0508,02,000054148,000734880,0
6591290,Widocks,Tatiania,3,2018,04,15,1000000,0354,02,000011936,000820355,0
1343703,Hardes,Guthry,2,2020,05,01,1000000,0678,02,000067262,000347107,0
8524174,Kencott,Kay,1,2018,06,15,0750000,0256,01,000028311,000887230,0
2668549,Tabb,Ardisj,3,2020,03,01,0750000,0102,02,000086866,000990535,0
3820260,Linkie,Fanni,3,2018,03,01,0750000,0627,01,000031216,000128895,0
0564119,Mummery,Kerrill,1,2020,01,01,1000000,0374,01,000017900,000771531,0
5727447,Aronovich,Panchito,1,2020,12,01,1000000,0199,01,000090258,000118044,0
7271942,Twiname,Koenraad,3,2020,09,01,0750000,0980,01,000065124,000354053,0
3662707,Doone,Harcourt,2,2018,01,01,1000000,0845,02,000085534,000183053,0
0248347,Clew,Rogers,3,2020,05,01,0750000,0214,02,000062922,000086919,0
3297692,Dain,Husein,2,2020,01,15,0750000,0493,02,000038358,000408701,0
8190276,Marsh,Armand,1,2020,04,15,1000000,0295,01,000029869,000267709,0
0278835,Jiggle,Rem,3,2018,11,15,0750000,0329,02,000034645,000283210,0
3176592,Apple,Aldwin,1,2019,09,01,0750000,0674,01,000053637,000955671,0
1532115,Skamal,Gwenni,2,2020,05,15,0750000,0163,01,000061487,000836519,0
5181830,Beardsdale,Don,3,2019,09,01,0750000,0771,02,000065586,000236373,0
0499062,Earengey,Daphene,3,2018,06,15,1000000,0435,02,000008969,000544626,0
6228732,Coghlan,Melodee,3,2019,11,01,0750000,0126,02,000031640,000723417,0
7297111,Venard,Auguste,2,2020,10,01,1000000,0261,02,000081918,000024491,0
1375091,Lyal,Catherina,1,2020,03,01,1000000,0154,02,000088382,000320593,0
8734722,Schooley,Suzann,3,2019,01,01,1000000,0040,01,000003456,000164917,0
1300907,Gripton,Carroll,2,2020,03,15,1000000,0035,01,000066929,000875563,0
3716233,Juszczyk,Vaclav,1,2019,03,15,1000000,0409,02,000054875,000706687,0
5407985,Gehrts,Selby,1,2019,05,15,0750000,0072,02,000039922,000022352,0
4656074,Greathead,Ivy,1,2019,06,01,1000000,0863,01,000023833,000676300,0
8159449,Passion,Xever,2,2020,11,15,1000000,0877,02,000066954,000189362,0
4325685,Harman,Koral,1,2018,09,01,1000000,0907,02,000015900,000521419,0
1218938,Parratt,Hugh,3,2020,12,01,1000000,0896,01,000030742,000808291,0
8052063,Dunthorn,Andras,3,2019,10,15,1000000,0119,01,000027242,000638222,0
7960814,Templar,Mickey,2,2018,04,15,0750000,0494,02,000038667,000401024,0
4960878,Klimentov,Cele,2,2019,01,15,0750000,0355,01,000092450,000606224,0
1361202,Danhel,Dasha,1,2019,07,15,1000000,0714,02,000024041,000437364,0
0113313,Busswell,Essy,3,2019,02,01,1000000,0968,01,000071906,000641747,0
1392718,Rodders,Ursola,2,2020,10,15,0750000,0204,02,000062109,000579933,0
7112160,Caddock,Truda,2,2019,10,01,0750000,0957,01,000075744,000588102,0
5209136,Mebius,Kent,3,2018,01,01,0750000,0769,02,000058595,000743144,0
5362484,Tapton,Moishe,1,2019,07,01,0750000,0532,01,000030593,000601297,0
8285113,Cottham,Jillane,3,2019,04,15,1000000,0388,02,000053986,000721194,0
5149171,Papis,Sasha,3,2020,05,15,0750000,0029,01,000070163,000901744,0
8626100,McIlenna,Griffy,3,2020,01,15,1000000,0166,02,000058300,000166663,0
9865620,Lebbern,Drona,2,2019,11,01,0750000,0898,01,000020501,000024804,0
4026129,Wellstood,Kirby,3,2018,05,01,1000000,0669,02,000042270,000642561,0
3246055,Tinkham,Roxana,3,2020,05,15,1000000,0539,02,000093514,000082512,0
5578475,Acors,Ced,2,2019,01,15,1000000,0946,02,000009744,000056994,0
4858997,Ruegg,Edik,3,2018,12,15,0750000,0847,02,000085953,000911301,0
8773255,Wheelhouse,Pen,3,2019,02,01,0750000,0765,02,000060108,000520663,0
3299092,Kahler,Claudina,2,2019,02,15,0750000,0881,01,000074351,000864906,0
8082064,Aysik,Gaylord,3,2018,05,01,0750000,0431,01,000089513,000068781,0
6663995,Youles,Martina,2,2019,08,01,1000000,0992,01,000046646,000960772,0
6063031,Daveran,Roxie,3,2019,09,01,1000000,0709,02,000054499,000713086,0
3026998,Getsham,Bjorn,2,2020,02,15,1000000,0355,02,000094837,000840462,0
4239479,Lomasny,Ebba,1,2020,08,01,0750000,0877,01,000064990,000740399,0
9748797,Dando,Abe,2,2020,03,01,0750000,0418,02,000055486,000960309,0
0295656,Ferfulle,Nils,2,2019,01,15,1000000,0051,01,000080544,000680302,0
4042404,Vogeller,Ferrell,2,2018,03,01,0750000,0239,02,000044386,000394241,0
1635346,Roelofs,Karrie,2,2019,03,01,1000000,0285,02,000049960,000164113,0
8050592,Sorton,Shaina,2,2019,08,01,0750000,0461,01,000094184,000557807,0
6901541,Tripean,Johannes,3,2019,06,15,0750000,0044,01,000011361,000695107,0
9510741,Fiddiman,Mattie,3,2020,07,01,1000000,0143,02,000009923,000012238,0
6660206,Steele,Lynsey,1,2020,03,15,1000000,0083,02,000093352,000167199,0
6266066,Budget,Lydie,2,2020,06,01,0750000,0114,01,000061851,000952934,0
3716179,Thridgould,Everard,1,2019,06,15,0750000,0354,02,000062206,000635308,0
5877761,Catherick,Reta,3,2019,09,01,1000000,0485,02,000008193,000912423,0
2701909,MacGillespie,Dewey,3,2020,02,01,1000000,0992,02,000005721,000822592,0
3926327,Cusiter,Renaud,3,2019,11,01,0750000,0119,02,000095818,000760608,0
8497567,Barron,Lynelle,1,2018,09,01,0750000,0461,01,000091558,000481130,0
2108873,Jaycox,Darya,3,2020,08,01,0750000,0589,01,000080047,000875540,0
7723937,O'Regan,Zulema,3,2018,06,15,0750000,0388,01,000027727,000620871,0
9208274,McReath,Adah,1,2018,11,15,0750000,0196,01,000086102,000006902,0
6651875,Plumer,Jennee,3,2018,10,01,0750000,0026,01,000049239,000733414,0
3484888,Pendered,Tracee,1,2018,09,01,0750000,0660,02,000062585,000720149,0
5499074,Budgeon,Ron,1,2019,08,15,1000000,0291,02,000087056,000824722,0
6048592,Dashkov,Robinetta,1,2019,05,15,1000000,0905,02,000014913,000206119,0
3605456,Fasse,Austina,1,2020,04,15,0750000,0721,02,000060390,000915042,0
3719763,Klimkowski,Arvie,1,2020,12,15,0750000,0749,02,000096644,000167094,0
8472837,Littleover,Janean,3,2020,07,15,1000000,0453,02,000042855,000162132,0
6008098,Maidment,Courtney,1,2018,01,01,1000000,0852,02,000093770,000546866,0
2650116,Leetham,Guy,1,2018,12,01,0750000,0220,02,000086881,000322194,0
5614306,Stag,Tessie,3,2018,04,01,1000000,0648,01,000034197,000739652,0
3594599,McGibbon,Janel,2,2019,01,01,1000000,0169,01,000027443,000700274,0
8331000,Velten,Andree,2,2020,06,01,0750000,0546,02,000021777,000774303,0
1068365,DelaField,Guenevere,3,2019,08,15,1000000,0398,02,000031439,000968520,0
5446971,Briatt,Ignacius,2,2018,02,15,0750000,0180,02,000096932,000905546,0
5409618,Addey,Ben,2,2018,11,15,1000000,0264,02,000040038,000813612,0
1853742,Mosedill,Hector,3,2018,10,15,0750000,0459,01,000065707,000151488,0
8542670,Rudolfer,Packston,3,2020,12,15,0750000,0394,01,000035051,000613955,0
3193263,Surgison,Dale,1,2018,01,15,0750000,0473,01,000050113,000318900,0
6766578,Teggart,Ricard,1,2018,10,15,1000000,0103,01,000082157,000240609,0
3563069,Rivelon,Katrinka,3,2018,06,15,1000000,0607,02,000000396,000733607,0
5832137,Parlett,Forest,2,2019,10,15,1000000,0991,02,000077431,000556519,0
7911751,Batcock,Dacie,3,2018,05,01,0750000,0499,01,000028666,000444382,0
5720691,Brownsey,Arlan,3,2018,05,01,0750000,0801,01,000003021,000311062,0
1988888,Tures,Kara-lynn,2,2020,03,01,0750000,0298,02,000055606,000000523,0
3682418,Naisbitt,Raychel,2,2020,09,15,0750000,0844,01,000055242,000333173,0
7637718,Helian,Markos,1,2019,09,01,0750000,0712,02,000052293,000163969,0
6580141,Blakeman,Ruggiero,1,2019,03,01,0750000,0188,01,000030730,000626697,0
9411441,Fairn,Cathrine,2,2020,04,01,1000000,0221,02,000090686,000709932,0
0913534,Marmion,Lorraine,3,2019,04,01,1000000,0724,02,000000968,000830470,0
2200186,Isakson,Stormy,3,2018,05,15,0750000,0788,01,000089474,000550298,0
1738887,Kunzler,Julee,1,2020,01,15,0750000,0811,02,000070431,000512196,0
1638826,Andriulis,Carmita,2,2020,05,15,0750000,0661,01,000082679,000210263,0
5938534,Lehrian,Bette-ann,1,2020,03,15,0750000,0428,02,000001347,000101419,0
0240486,Weaben,Myca,3,2018,07,15,1000000,0735,01,000081214,000815729,0
5939324,O'Kinedy,Mariann,1,2020,06,01,1000000,0910,02,000075452,000373485,0
2815459,Tanslie,Alvy,2,2018,05,01,1000000,0533,01,000074161,000347743,0
6002060,Woodison,Reinhold,2,2018,12,01,0750000,0857,01,000082659,000897788,0
2261466,Eustice,Alica,2,2018,07,15,0750000,0445,01,000055768,000695640,0
0583543,O'Sherin,Bren,2,2018,08,01,1000000,0559,02,000079941,000656702,0
2946216,Schult,Bevon,1,2020,07,15,1000000,0508,02,000076513,000591669,0
9968396,Ferreli,Marchelle,1,2019,08,01,0750000,0710,01,000004625,000663287,0
7620922,Christopher,Jeremias,2,2018,07,15,1000000,0633,01,000016615,000663258,0
6152853,Belford,Melvin,3,2019,10,01,0750000,0373,01,000096126,000301926,0
9808396,Mattheissen,Reeba,3,2020,04,15,1000000,0769,02,000090126,000886687,0
9016058,Weymouth,Tommie,1,2018,07,15,0750000,0696,01,000061243,000860566,0
7672836,Mathys,Odelle,3,2020,09,01,0750000,0440,01,000067119,000789226,0
3313670,Newberry,Keefe,2,2019,08,01,1000000,0630,01,000011131,000159514,0
3959796,Kernoghan,Jacinta,3,2018,10,15,1000000,0517,01,000056443,000856750,0
1438361,Tremain,Nevile,3,2020,05,01,0750000,0804,02,000067282,000944371,0
8622559,O'Carmody,Cristian,3,2019,11,01,1000000,0661,01,000040138,000631667,0
3398048,Schafer,Dudley,3,2020,07,01,0750000,0141,02,000028441,000909632,0
8558081,Jouanot,Aindrea,2,2019,11,15,1000000,0839,02,000023029,000086148,0
2351362,Outlaw,Courtenay,2,2019,03,15,1000000,0462,02,000037161,000191259,0
8847367,Benjefield,Edmund,3,2020,10,01,1000000,0141,02,000033346,000039765,0
1717308,Conrard,Guillaume,1,2020,05,01,0750000,0518,02,000015159,000448944,0
5233710,Trippitt,Sherm,2,2019,06,15,1000000,0814,01,000017240,000124008,0
7586097,Chambers,Onida,2,2018,09,15,0750000,0309,02,000050304,000649304,0
2903417,Cade,Lilian,2,2018,02,01,0750000,0404,02,000025904,000723677,0
3806293,Rugge,Jaine,3,2019,11,01,0750000,0101,01,000055951,000473311,0
2784148,Dorber,Savina,1,2018,02,01,1000000,0886,01,000053493,000424419,0
1932567,Biaggioni,Locke,2,2020,07,15,1000000,0645,02,000020808,000983611,0
2038709,Royden,Dorey,1,2018,02,01,0750000,0006,02,000067292,000779796,0
3216807,Hothersall,Arabela,3,2018,07,15,1000000,0730,02,000064825,000334937,0
8445040,Danslow,Nap,3,2018,04,01,0750000,0281,02,000003141,000584955,0
6374431,Spandley,Nathalie,2,2018,07,15,1000000,0396,01,000005793,000316903,0
6480356,Osburn,Torrey,2,2019,09,15,1000000,0167,01,000088738,000293090,0
4249166,Sotworth,Hadlee,2,2018,07,01,1000000,0784,01,000090244,000361964,0
8685333,Pancoust,Lilith,1,2018,05,01,1000000,0689,02,000075172,000410850,0
5580813,Hellin,Johannes,1,2019,06,01,0750000,0102,01,000008598,000170333,0
1679637,McCorkell,Vivianna,3,2018,01,01,1000000,0631,01,000007064,000120119,0
2139376,Schuchmacher,Donetta,1,2019,07,01,0750000,0806,01,000030760,000629037,0
4446819,Deaves,Maddy,1,2020,03,01,1000000,0581,01,000071361,000431863,0
4186901,Jina,Nicol,3,2020,06,01,0750000,0039,01,000088392,000505239,0
5055488,Phillip,Sanson,2,2019,04,01,0750000,0396,01,000080990,000530132,0
9258163,Netherclift,Urbain,3,2018,01,01,1000000,0440,01,000047660,000326189,0
7508813,Bust,Keary,2,2020,06,01,0750000,0677,02,000018758,000834513,0
9950583,Govier,Kaiser,1,2019,03,01,1000000,0798,02,000095222,000458653,0
6326903,Rubinow,Vyky,1,2020,03,01,0750000,0108,01,000076847,000191046,0
9329630,Wreiford,Kathryn,1,2018,04,15,0750000,0847,01,000017039,000010635,0
3286820,Ert,Reiko,1,2018,06,15,1000000,0854,01,000085928,000712277,0
9163325,Norris,Maura,1,2018,02,15,0750000,0885,01,000027243,000272982,0
0840687,Bulluck,Darya,3,2018,02,01,1000000,0498,02,000093800,000821833,0
9501249,Pritchett,Sal,2,2019,08,01,0750000,0913,02,000099106,000196510,0
3153518,Levane,Tomas,2,2018,04,15,0750000,0172,02,000096071,000438576,0
0080201,Chansonne,Shelley,2,2020,02,15,0750000,0832,01,000078305,000918998,0
6231536,Showering,Guntar,1,2018,07,15,1000000,0940,01,000055937,000535835,0
6834229,Sanchiz,Denys,3,2018,03,01,0750000,0156,01,000072809,000451125,0
4306418,Farnell,Minetta,1,2019,05,01,1000000,0608,02,000009664,000578469,0
7749728,Guidetti,Reynold,2,2019,05,01,0750000,0178,01,000008648,000021143,0
9885801,Bart,Gabriel,1,2020,02,15,0750000,0279,02,000018500,000423473,0
4264177,Fisby,Leoline,2,2018,05,01,0750000,0278,01,000086474,000847605,0
4687730,Crepel,Evan,2,2020,04,15,0750000,0397,01,000041632,000494087,0
5379482,Bromilow,Kiel,1,2018,07,01,1000000,0692,02,000016919,000770164,0
5065696,Bineham,Davey,1,2018,03,15,0750000,0371,02,000065475,000067542,0
7926834,Molineaux,Brooks,3,2018,09,01,0750000,0139,02,000050559,000750252,0
5756388,Kearley,Carola,2,2020,12,15,0750000,0261,02,000086136,000185073,0
1478002,Gowling,Orsola,1,2018,01,15,0750000,0871,01,000062096,000941420,0
8378212,Pope,Madella,2,2020,11,15,1000000,0096,02,000057488,000098755,0
4263642,Turfin,Karalynn,3,2020,07,15,0750000,0159,02,000079499,000771277,0
1796776,Shayler,Peg,3,2018,07,01,1000000,0534,02,000038854,000507919,0
1880322,Yerby,Smitty,1,2019,05,01,0750000,0107,02,000086445,000143715,0
9354909,Nashe,Grove,1,2018,09,01,1000000,0549,01,000012011,000043174,0
6855867,Artingstall,Arluene,2,2020,11,15,1000000,0702,01,000082837,000711874,0
5774662,Spataro,Stanislaus,2,2019,12,15,0750000,0049,01,000001180,000026686,0
6012997,Wenham,Lynsey,2,2019,02,01,1000000,0186,01,000033845,000191654,0
8785463,McVeagh,Constantine,3,2018,04,01,1000000,0513,01,000059677,000911814,0
9874518,Connechie,Catherin,3,2020,05,15,0750000,0977,02,000047489,000203413,0
1753314,Hurdiss,Marget,3,2018,05,01,1000000,0355,01,000087405,000975996,0
4690282,Browning,Hew,1,2020,10,15,1000000,0110,01,000054195,000998444,0
8996786,Sinney,Lucias,3,2019,12,01,1000000,0058,02,000092077,000169182,0
4311969,Speddin,Umberto,2,2018,10,01,1000000,0436,01,000033242,000637246,0
3598568,Hiscoke,Maynord,1,2019,11,01,1000000,0159,01,000007098,000478688,0
1867841,Foale,Nerita,2,2019,05,01,0750000,0777,01,000023090,000366853,0
4194245,Ickovitz,Gothart,1,2019,06,15,0750000,0015,01,000092726,000482384,0
9187158,Malatalant,Shanta,3,2018,04,15,0750000,0095,02,000004462,000210909,0
5339014,Peskett,Amii,3,2019,12,15,0750000,0320,02,000003191,000160799,0
3044043,Sutor,Laurena,3,2020,07,15,0750000,0949,01,000053473,000944371,0
3023790,Trainer,Ulrike,1,2018,02,15,0750000,0393,01,000035635,000604025,0
3398859,McKnockiter,Dallis,3,2018,09,15,1000000,0466,01,000089155,000191528,0
8349665,Penhale,Sunny,1,2020,03,01,1000000,0565,02,000027036,000479442,0
6326646,Gandy,Beltran,2,2020,10,01,0750000,0772,02,000087554,000086392,0
1647842,Titford,Torry,3,2020,03,15,0750000,0868,01,000076856,000381055,0
9534762,Sayre,Rusty,1,2018,07,15,1000000,0187,01,000094084,000845847,0
7385451,Caser,Sumner,1,2020,10,01,1000000,0020,01,000044937,000662276,0
6735178,Mapletoft,Ray,2,2020,08,15,1000000,0865,02,000057044,000827189,0
7999503,Zanicchi,Gerrard,1,2018,03,01,0750000,0812,01,000017105,000700945,0
1445972,Micheli,Terza,1,2020,05,01,0750000,0691,02,000096101,000231687,0
7736431,Cabera,Urson,2,2018,04,15,0750000,0011,02,000001446,000314603,0
8603393,Motton,Oates,2,2018,08,15,0750000,0398,01,000061096,000244652,0
7658709,McOmish,Maudie,1,2020,06,01,1000000,0936,01,000061209,000359395,0
7570307,Jachimczak,Ogdon,2,2018,09,15,0750000,0102,01,000008284,000992993,0
3191900,McCurley,Bernita,1,2019,01,15,0750000,0348,02,000014429,000724822,0
4497447,Seeks,Marcello,3,2018,06,01,1000000,0971,01,000062293,000923082,0
9697911,Geharke,Kippy,1,2020,01,15,0750000,0171,02,000080311,000415744,0
5414300,Sterland,Regine,2,2019,01,01,1000000,0404,02,000069659,000572602,0
6629956,Morphew,Stacy,1,2019,05,01,0750000,0558,02,000000448,000453625,0
2256157,Greenhouse,Lionello,1,2020,04,01,0750000,0080,01,000081904,000154256,0
0291066,Bareford,Thorvald,2,2019,09,01,0750000,0002,02,000099441,000595173,0
7239615,Pedden,Boothe,2,2018,08,01,0750000,0476,01,000099260,000444129,0
3770381,Sinden,Niels,1,2019,09,15,1000000,0496,02,000033220,000179646,0
0013123,Dymidowicz,Owen,3,2018,05,01,0750000,0142,02,000018243,000024529,0
7827043,Slate,Llywellyn,1,2018,05,01,0750000,0092,02,000080972,000419961,0
0804999,Joutapaitis,Elissa,1,2018,06,15,0750000,0431,01,000052292,000761772,0
0610494,Lory,Rasia,2,2018,12,01,1000000,0265,01,000020645,000688516,0
4684532,Maybury,Drucie,1,2019,10,15,0750000,0830,01,000082829,000603645,0
7902897,Merrill,Holmes,3,2018,02,15,0750000,0288,01,000076675,000529601,0
5798829,Rosenfarb,Ofella,2,2019,05,01,1000000,0060,02,000059358,000126045,0
7071811,Almey,Tallie,3,2019,01,01,1000000,0821,02,000079165,000343771,0
3898282,Olivari,Corliss,3,2018,05,15,0750000,0405,01,000012887,000891161,0
2826323,McCreedy,Karel,1,2019,07,01,1000000,0996,01,000096357,000504660,0
0373842,Sketh,Margarete,2,2019,02,15,0750000,0248,01,000087182,000726785,0
6300772,Tzar,Ruthann,3,2019,01,01,0750000,0842,01,000096990,000560475,0
2485038,Linke,Charleen,3,2020,01,15,1000000,0380,01,000064771,000187369,0
3423985,Spata,Karia,2,2020,08,01,0750000,0903,02,000016596,000844187,0
2886284,Rodrigo,Lynda,3,2020,08,01,1000000,0351,02,000054228,000297298,0
0599389,Gladeche,Stormi,1,2018,11,01,0750000,0062,01,000009532,000213962,0
0595444,Carbin,Mavis,3,2020,09,01,0750000,0709,02,000062900,000018441,0
1697096,Cohr,Maria,3,2018,03,01,0750000,0467,02,000075823,000157960,0
6837376,Stefi,Merl,3,2020,10,01,1000000,0310,02,000004791,000901070,0
5119326,Roach,Eda,2,2018,04,15,0750000,0027,01,000045108,000218967,0
3425657,Waiting,Camel,3,2019,10,01,1000000,0934,01,000051205,000577994,0
6145381,Sinderland,Shaine,1,2019,12,15,0750000,0069,01,000094755,000637969,0
5645250,McPaike,Jessey,3,2018,09,01,0750000,0213,02,000034102,000879537,0
5081751,Swallow,Gaspar,2,2020,11,15,1000000,0410,02,000037515,000881825,0
1630797,Clougher,Bard,3,2020,06,15,1000000,0752,02,000005085,000790699,0
5604492,Leinthall,Zabrina,1,2019,11,01,0750000,0889,01,000033809,000877294,0
0550400,Hew,Morrie,3,2018,03,01,1000000,0032,01,000046397,000997666,0
8920525,Gresley,Lorrie,3,2019,06,01,1000000,0420,01,000096187,000297940,0
9200509,Trappe,Bess,2,2019,07,15,1000000,0494,01,000057276,000199879,0
4360265,Lomath,Ximenes,1,2020,08,01,1000000,0298,02,000047050,000984748,0
1812623,Balmforth,Krishna,3,2020,08,01,0750000,0246,02,000066808,000681535,0
9049172,Parradice,Marleen,1,2019,11,01,0750000,0971,02,000073635,000630439,0
7852408,Rother,Brandi,2,2018,11,01,1000000,0361,02,000012391,000144545,0
1550853,Christley,Frasco,2,2019,02,01,1000000,0098,02,000096853,000403445,0
3871368,Gertz,Giselbert,2,2018,11,15,0750000,0369,02,000043370,000710959,0
9405931,Warmington,Port,3,2019,08,01,1000000,0861,02,000088492,000050145,0
6419242,Spraggs,Chantal,2,2020,02,01,0750000,0211,02,000038073,000218559,0
4052463,Tayspell,Willem,3,2019,06,15,0750000,0394,02,000079467,000474580,0
1281025,Gregol,Gavan,3,2019,10,15,1000000,0659,01,000004938,000680449,0
7433668,Parrin,Kalie,2,2019,08,15,0750000,0691,02,000001999,000553673,0
2899053,Savary,Rockey,3,2019,07,15,1000000,0231,02,000085118,000880692,0
6291309,Peyzer,Marcos,3,2018,07,15,0750000,0382,02,000072505,000616284,0
5085923,Zanutti,Camila,1,2018,04,15,1000000,0241,01,000013465,000934428,0
2518474,Burkhill,Margaretha,3,2018,04,01,0750000,0757,01,000059315,000379901,0
8668506,Bartali,Barny,3,2019,09,01,1000000,0458,01,000040811,000368904,0
4451140,Druitt,Ardyth,1,2018,06,15,1000000,0469,01,000099163,000694128,0
0362355,Fiddy,Sarita,3,2020,10,15,0750000,0101,02,000017127,000683229,0
4872718,Nellies,Aindrea,2,2019,03,15,0750000,0601,01,000037882,000972222,0
3706385,Swayland,Morty,3,2018,04,01,0750000,0465,01,000052794,000468173,0
6149428,Deeson,Sioux,1,2019,07,15,1000000,0830,02,000031430,000230873,0
7105475,Riggoll,Giustino,2,2020,02,01,0750000,0000,01,000053062,000924823,0
1651735,Mattys,Beverly,1,2020,02,01,0750000,0739,01,000007979,000158385,0
5286271,Beckey,Erin,2,2018,06,01,1000000,0535,02,000022603,000678800,0
6364790,Puttan,Fitzgerald,3,2018,07,15,0750000,0995,02,000084815,000933619,0
7384992,Alvaro,Bronson,3,2018,03,15,0750000,0990,01,000056340,000898233,0
7762874,Garden,Gasper,3,2020,04,01,0750000,0862,02,000029458,000778638,0
8406215,Drohane,Eachelle,3,2018,12,01,0750000,0151,01,000094459,000286856,0
6505771,Moogan,Amity,2,2019,09,01,1000000,0642,02,000050827,000142963,0
8131250,Readie,Verina,3,2020,03,01,0750000,0693,01,000027226,000123690,0
1327243,Gerlack,Alasteir,1,2019,08,01,0750000,0217,01,000045298,000882523,0
1028294,Dexter,Meridith,1,2019,03,01,1000000,0226,01,000023000,000076690,0
7011244,Halston,Dorie,3,2018,10,15,0750000,0159,01,000071858,000407205,0
9257734,Resdale,Ossie,1,2019,12,01,1000000,0565,02,000059886,000540551,0
0494635,Mowle,Wrennie,1,2018,10,01,0750000,0353,02,000066966,000510354,0
9754093,Strotone,Laetitia,2,2019,07,15,0750000,0436,02,000062211,000749715,0
0555776,Fedorchenko,Ailyn,3,2018,03,01,0750000,0158,02,000071655,000326203,0
0549944,Cleft,Drusilla,1,2020,05,01,0750000,0455,02,000046096,000986996,0
1446077,Hartlebury,Cletis,3,2018,09,01,0750000,0199,02,000013200,000319256,0
6535923,Lasslett,Solomon,1,2018,08,15,1000000,0686,01,000095595,000849724,0
1793994,Southcombe,Clemmy,1,2018,03,01,1000000,0855,01,000001940,000860720,0
1197191,Fetters,Jon,1,2020,05,15,0750000,0178,01,000020706,000985997,0
5971197,McMarquis,Ignacius,2,2019,02,01,0750000,0678,01,000065837,000066082,0
5095437,Sherbrook,Helga,2,2020,07,15,1000000,0590,02,000029315,000060681,0
5268104,Maccrea,Donnell,3,2018,01,15,0750000,0751,02,000097482,000360611,0
0470121,Glancey,Larine,2,2019,02,01,1000000,0209,01,000015507,000883941,0
2228590,Birdsall,Chantal,1,2020,07,15,0750000,0346,01,000024281,000846147,0
1412669,Southern,Danita,2,2019,04,01,1000000,0261,02,000097705,000617470,0
6246348,Bonellie,Tobye,2,2018,04,15,0750000,0872,02,000008063,000698093,0
3362738,Fearey,Rudolph,3,2018,05,15,0750000,0883,01,000041708,000513356,0
0822139,Cartmael,Stevy,1,2018,04,01,1000000,0955,01,000068455,000099260,0
5928834,Foxwell,Anton,1,2018,10,15,0750000,0762,01,000051456,000076123,0
6290313,Engledow,Terry,1,2019,08,15,1000000,0976,01,000073277,000955529,0
6745827,Kluss,Edita,2,2018,05,01,0750000,0260,02,000008560,000516758,0
4682612,Chislett,Sebastiano,1,2020,05,15,0750000,0002,01,000014337,000827621,0
2048220,De Angelis,Meridith,2,2018,11,01,0750000,0896,02,000031308,000577840,0
4382755,Ottiwill,Georgi,1,2019,12,15,0750000,0427,01,000019533,000721634,0
0365102,Schwaiger,Alexander,1,2019,09,15,1000000,0119,02,000093452,000306471,0
3996130,Tapton,Dehlia,3,2018,09,01,1000000,0720,01,000076560,000052783,0
4390136,Yanson,Cherise,3,2020,04,15,0750000,0718,02,000011830,000654968,0
3403867,Dugan,Glyn,1,2018,09,01,1000000,0460,01,000014068,000259658,0
8676661,Clutheram,Floria,3,2020,12,15,1000000,0775,01,000061353,000593433,0
3086791,Ricioppo,Bernardina,1,2018,01,15,1000000,0156,02,000031891,000138500,0
6369261,Chalfant,Marion,2,2019,11,01,1000000,0574,02,000000240,000988225,0
8796354,Ronayne,Birk,1,2019,02,01,1000000,0898,01,000078073,000544328,0
3125688,Sindle,Paule,1,2019,02,01,1000000,0666,01,000077110,000936638,0
9331069,Sarath,Jervis,1,2020,09,15,0750000,0020,02,000082260,000326597,0
8270530,Feldbaum,Orrin,3,2020,12,15,1000000,0301,01,000063665,000448988,0
8265208,Hogsden,Imojean,1,2020,01,01,0750000,0487,01,000090172,000340565,0
8383683,Alyutin,Bartram,3,2020,10,01,1000000,0999,01,000064340,000955840,0
3344025,Whotton,Jamill,1,2018,07,01,1000000,0920,01,000056714,000131468,0
9266810,Laidel,Paloma,1,2020,03,15,0750000,0081,02,000058814,000739319,0
9670553,Zini,Livvie,2,2020,05,01,1000000,0816,02,000030336,000429544,0
2572072,Carillo,Fina,2,2018,03,01,1000000,0290,02,000041314,000391522,0
0235294,Oaten,Alanna,3,2018,05,15,1000000,0542,02,000007756,000265148,0
3726097,MacArdle,Gerik,2,2019,10,15,1000000,0655,02,000076289,000445211,0
3140218,Potticary,Jeffrey,1,2018,04,15,0750000,0208,02,000085708,000765746,0
2826099,De Ortega,Felizio,2,2019,08,01,0750000,0679,02,000008770,000346312,0
1716226,Phuprate,Moira,3,2020,10,01,0750000,0693,02,000055184,000292267,0
4630839,Meikle,Bard,3,2019,10,15,0750000,0801,02,000070587,000514693,0
9344619,Carriage,Norah,3,2019,02,01,1000000,0570,02,000062787,000865625,0
9631358,Shall,Elsa,2,2019,05,01,1000000,0772,01,000064993,000351540,0
8345032,Neller,Ware,2,2019,06,15,0750000,0306,02,000018280,000889383,0
1963636,Minty,Catlin,2,2019,07,15,0750000,0338,01,000018467,000913192,0
1582886,Zealander,Blair,3,2018,11,01,0750000,0440,02,000093240,000249949,0
4302499,Goad,Ciro,3,2019,01,15,1000000,0635,02,000081213,000462000,0
0105742,McSwan,Manon,2,2018,03,01,0750000,0506,01,000004820,000954483,0
5860288,MacLure,Cecil,1,2018,11,01,1000000,0814,02,000027474,000336842,0
5905176,Blundon,Carmon,1,2019,02,15,0750000,0739,02,000041196,000648232,0
7638771,McBain,Pippa,1,2020,09,15,1000000,0668,02,000002405,000619779,0
9515703,Cheetam,Gualterio,1,2020,07,15,1000000,0007,01,000028704,000299522,0
9683386,Peggs,Humbert,3,2018,09,01,0750000,0062,02,000037489,000725480,0
3229636,Belham,Skell,2,2018,02,15,1000000,0379,02,000058779,000217669,0
3015227,Rowena,Liza,3,2020,03,15,0750000,0941,02,000032839,000082340,0
3587410,Feria,Chrysler,1,2020,01,15,1000000,0642,01,000078297,000580970,0
3832521,Aughton,Maude,2,2018,11,01,1000000,0535,01,000047793,000206188,0
0146825,Conklin,Cornie,3,2019,09,01,1000000,0301,02,000055681,000928483,0
8376073,Tenwick,Toma,2,2019,08,15,1000000,0207,01,000064703,000990878,0
4904761,Witherbed,Bettina,1,2020,12,15,1000000,0347,01,000041784,000091889,0
4958065,Newall,Blithe,1,2020,12,15,1000000,0341,01,000004646,000804872,0
2041369,Syder,Bartolomeo,3,2020,08,01,1000000,0116,01,000087765,000987426,0
0807161,Doubrava,Tarra,3,2019,09,15,0750000,0516,02,000089888,000330138,0
7810408,Mc Kellen,Shandeigh,3,2019,09,01,0750000,0457,01,000024462,000915437,0
2342893,Pabel,Seline,3,2018,12,01,1000000,0062,02,000048924,000213721,0
7915948,Cryer,Jerrilyn,3,2018,02,15,0750000,0622,02,000013989,000756539,0
7337835,Usher,Nickie,2,2018,12,15,0750000,0043,02,000039220,000286273,0
4144284,Linfoot,Bethany,1,2020,10,01,0750000,0824,01,000053637,000712086,0
9635415,McKane,Emmalyn,1,2019,07,15,0750000,0886,01,000063677,000459703,0
1345991,De Fraine,Anthiathia,1,2019,02,15,1000000,0136,01,000075258,000156132,0
9899002,Mac Geaney,Sasha,3,2018,04,01,0750000,0626,01,000094300,000602223,0
1359293,Leopard,Edan,1,2019,10,15,0750000,0733,01,000067069,000861975,0
6635968,Harbisher,Dean,2,2019,05,01,1000000,0960,02,000004646,000510724,0
7824918,Gullick,Melosa,2,2020,09,01,0750000,0797,02,000082985,000368300,0
8823241,Gyrgorcewicx,Libbey,2,2020,01,01,1000000,0415,01,000056847,000358201,0
4028140,Fairbeard,Kirk,2,2020,03,01,0750000,0708,02,000049874,000886760,0
5980415,Scawton,Corrie,2,2019,02,01,1000000,0615,02,000044052,000645852,0
9158364,Mosley,Levi,2,2019,01,01,1000000,0131,02,000001095,000317938,0
5507101,Elix,Alethea,3,2020,01,15,1000000,0452,02,000094816,000602002,0
4873518,Boase,Matty,2,2018,07,15,0750000,0815,01,000092055,000923426,0
2876906,Reims,Jessamine,2,2020,08,15,1000000,0544,01,000033676,000828137,0
9378982,Maguire,Aarika,2,2019,09,01,1000000,0102,01,000072075,000090811,0
5797627,Nind,Shell,2,2020,04,01,1000000,0458,01,000076411,000266917,0
5542933,Coraini,Elicia,2,2018,09,15,0750000,0653,02,000023421,000629853,0
5326682,Duddell,Kendall,2,2018,11,01,0750000,0659,01,000077093,000465524,0
6916179,Westfield,Olive,1,2018,12,01,0750000,0091,02,000020242,000119467,0
6797837,Walkingshaw,Andreas,3,2020,05,01,1000000,0939,01,000058893,000668021,0
5540337,Girardy,Carola,1,2020,01,15,0750000,0933,02,000025641,000371245,0
9302899,Nowakowski,Jakob,1,2020,01,01,1000000,0533,02,000053722,000304448,0
8845198,Joost,Emelina,1,2019,02,15,0750000,0910,02,000094498,000058716,0
5773365,Laweles,Nomi,1,2019,12,15,1000000,0462,01,000085734,000637553,0
8288832,Fielden,Patrica,3,2018,08,01,0750000,0449,01,000076272,000083951,0
4755347,Poag,Clem,1,2019,01,15,1000000,0308,01,000036245,000881234,0
1595940,Simmank,Zachery,3,2020,07,01,0750000,0107,01,000023618,000312763,0
3294123,Patifield,Ben,3,2020,10,15,1000000,0843,02,000040494,000237456,0
0073495,McOwen,Lewes,3,2018,11,01,1000000,0364,01,000090224,000616432,0
6512748,Delbergue,Cherri,3,2020,10,01,1000000,0587,02,000032949,000095024,0
1987555,Rayburn,Gray,3,2018,04,15,1000000,0292,01,000019783,000732696,0
4635342,Portsmouth,Bev,3,2020,02,15,1000000,0169,02,000057803,000526936,0
4060909,Vasyukhnov,Willie,3,2020,07,01,0750000,0896,01,000097133,000307175,0
1947949,McLeary,Kalila,2,2018,11,15,1000000,0115,01,000010301,000145056,0
6848262,Wiggins,Rudolf,3,2020,02,15,1000000,0845,01,000080693,000238180,0
3885377,Jeanel,Delilah,2,2018,04,01,1000000,0744,02,000088860,000128190,0
8834510,Petrozzi,Briana,1,2020,11,15,0750000,0284,02,000008152,000194042,0
6097444,Seamons,Ivy,3,2018,11,15,1000000,0889,02,000000671,000649253,0
7125343,Tesseyman,Shae,2,2020,04,15,0750000,0676,01,000073601,000339581,0
7636026,Begin,Lois,3,2020,11,15,1000000,0541,02,000009181,000097182,0
8856587,Lucas,Cassandra,1,2018,04,01,1000000,0402,02,000096960,000814214,0
1180320,Pavese,Glad,3,2018,06,15,0750000,0858,01,000013243,000067139,0
0258534,Jearum,Frederico,3,2020,04,15,0750000,0394,01,000014964,000472153,0
4972105,Fish,Otis,3,2018,04,15,0750000,0286,02,000054282,000933109,0
7222938,Bazelle,Nikki,1,2019,01,01,1000000,0480,02,000015727,000271107,0
7594784,Mowsley,Mandie,3,2019,03,01,1000000,0431,02,000020220,000335123,0
0917836,Winfrey,Celka,3,2019,09,01,1000000,0805,02,000056096,000618850,0
4807879,McDonagh,Ingemar,2,2019,12,01,1000000,0178,01,000077741,000228154,0
1196020,Farebrother,Kyle,3,2020,10,15,1000000,0848,02,000020373,000833875,0
1410604,M'Barron,Ynes,3,2018,03,15,0750000,0796,02,000072299,000329256,0
0157678,Dowling,Celestia,2,2020,03,01,0750000,0087,01,000039379,000673967,0
0625918,Montrose,Frasquito,1,2019,11,01,1000000,0519,02,000050689,000634152,0
3315599,Trebilcock,Vasilis,2,2020,08,15,0750000,0556,02,000005396,000767087,0
8597948,Van Hove,Luigi,2,2018,03,01,0750000,0102,01,000045016,000913285,0
2400980,Morigan,Althea,1,2020,08,01,1000000,0174,02,000086853,000426868,0
0543609,Dickerson,Justine,1,2020,08,01,0750000,0292,02,000047518,000371401,0
5304964,Senner,Ruddy,1,2018,09,01,0750000,0725,02,000020920,000401442,0
4585982,Pirdy,Diarmid,1,2019,06,15,0750000,0842,01,000037682,000416590,0
9585116,Dwyr,Israel,2,2018,09,01,0750000,0652,01,000048960,000304018,0
3683519,Mouncey,Elyse,1,2019,02,01,0750000,0787,01,000022635,000810127,0
3225142,Braven,Lari,3,2019,07,01,0750000,0608,01,000065877,000630611,0
4307660,Yosselevitch,Marty,2,2020,05,01,0750000,0981,01,000051944,000433194,0
5669252,Reily,Blaire,1,2019,01,15,1000000,0304,02,000088638,000709889,0
6099120,Ellgood,Aeriela,1,2019,10,01,0750000,0426,01,000002476,000006031,0
1595532,Wolledge,Lorine,2,2020,08,15,1000000,0060,01,000055453,000511839,0
4871714,Bourdice,Che,2,2018,08,15,1000000,0103,01,000068157,000705585,0
0984742,Arpe,Waylen,3,2019,11,15,0750000,0517,02,000025770,000098640,0
2008326,Cordingly,Rosaline,3,2020,09,15,0750000,0218,02,000085853,000664706,0
8098709,Doley,Maryjane,2,2020,10,15,1000000,0635,02,000059574,000385446,0
3904519,Wiltshire,Ernesto,3,2019,12,01,0750000,0412,02,000083915,000771619,0
7537247,Guerrin,Eleonora,3,2020,10,15,1000000,0356,01,000067046,000645657,0
3083051,Lain,Lorraine,1,2020,07,15,1000000,0653,02,000070837,000721689,0
0880137,Sweeten,Jordain,2,2019,03,15,1000000,0936,02,000040218,000819897,0
8536745,Astley,Nate,2,2018,04,01,0750000,0626,01,000027787,000206036,0
5527269,Jakoviljevic,Homer,2,2020,11,01,1000000,0196,02,000017375,000572994,0
6114377,Tudhope,Lorilee,2,2020,08,01,1000000,0542,01,000039697,000231397,0
7076159,McGrail,Renault,1,2019,05,15,1000000,0475,01,000042040,000952642,0
9206516,Dowtry,De witt,1,2018,12,01,1000000,0344,02,000026976,000909080,0
9787875,Bottleson,Hadley,1,2019,02,15,0750000,0885,02,000096246,000614817,0
2396362,d'Escoffier,Alyosha,1,2020,08,01,0750000,0481,01,000089802,000946093,0
3040516,Kyteley,Adelaide,3,2020,12,15,0750000,0063,01,000008212,000979007,0
7283927,Lefever,Mirabelle,3,2020,05,15,0750000,0247,02,000028587,000044371,0
2204738,Finlay,Craggy,3,2018,08,15,0750000,0988,02,000069878,000976155,0
9170736,Le feaver,Barclay,3,2020,07,01,0750000,0189,02,000010304,000393070,0
4548622,Recher,Eada,2,2020,06,01,1000000,0701,02,000027995,000028066,0
9934250,Pickaver,Granger,1,2018,11,01,1000000,0565,02,000095008,000455672,0
9080363,Farraway,Ashil,3,2019,07,01,0750000,0885,02,000091721,000582310,0
9119868,Tofanini,Shanna,3,2018,11,15,1000000,0509,02,000039829,000350102,0
9900209,Handford,Briny,3,2019,12,01,0750000,0049,01,000010577,000175978,0
0542445,Zumbusch,Danya,1,2019,04,01,0750000,0540,02,000027238,000890932,0
2790596,Haddy,Clementia,2,2020,07,15,1000000,0827,02,000062124,000412174,0
6905347,Roddick,Marmaduke,1,2020,11,01,0750000,0711,02,000013550,000744100,0
3930926,Phaup,Gannon,3,2020,05,15,1000000,0636,01,000008176,000849684,0
6569109,Twinborough,Rudd,1,2020,02,01,0750000,0567,02,000081279,000296104,0
8931934,Duferie,Desiri,1,2019,07,01,1000000,0823,01,000095910,000922547,0
8557448,Hynde,Mommy,2,2019,01,01,0750000,0743,01,000041734,000258099,0
8440277,Besnardeau,Simonette,1,2019,04,01,1000000,0699,02,000046128,000295370,0
0401593,Britian,Holly,1,2019,07,15,0750000,0366,01,000065763,000687074,0
9072350,Castellone,Frederik,3,2020,07,15,1000000,0939,01,000067184,000439512,0
7937650,Davydychev,Virgina,3,2018,04,15,0750000,0098,02,000075051,000016372,0
1877966,Wrettum,Nanine,3,2020,06,15,1000000,0939,02,000040912,000018851,0
7652682,Birtchnell,Tamas,1,2018,10,01,0750000,0855,01,000032434,000091715,0
6221766,O'Fairy,Christabella,1,2018,08,15,0750000,0660,01,000036820,000615961,0
1512469,Cobbald,Dylan,1,2018,10,01,0750000,0364,01,000059619,000158500,0
4540225,Jenne,Talya,3,2020,04,15,1000000,0809,01,000095420,000970753,0
1925786,Reany,Hobey,1,2018,06,15,1000000,0748,02,000045866,000323811,0
8812789,Stonhard,Marcie,1,2019,07,15,1000000,0387,02,000097988,000984276,0
9318964,Biermatowicz,Skylar,1,2019,08,01,1000000,0726,01,000072345,000280846,0
9658663,Loughhead,Tracey,3,2018,09,15,0750000,0285,02,000098061,000962206,0
4664699,Jarad,Frazier,3,2020,11,15,1000000,0812,01,000022465,000869232,0
4255754,Ricoald,Chandler,1,2018,01,15,1000000,0054,02,000004722,000692427,0
0857801,Enbury,Ottilie,2,2018,04,15,1000000,0036,02,000081356,000234882,0
0359473,Stichall,Ortensia,2,2020,06,01,1000000,0713,02,000024992,000453638,0
6309193,Brower,Clarie,1,2018,11,15,1000000,0239,02,000009703,000085181,0
4982826,Agates,Vitoria,1,2018,11,01,1000000,0319,01,000021103,000983784,0
9717113,Betancourt,Rutherford,1,2020,01,15,0750000,0129,02,000015111,000508397,0
0632455,Brumbie,Cammy,3,2019,11,15,0750000,0625,02,000031056,000526776,0
8246235,Galway,Thomasina,1,2020,01,15,1000000,0713,01,000016743,000508618,0
0131071,Simmonite,Vernen,2,2018,10,15,0750000,0678,02,000043929,000292856,0
1156015,Cumbers,Abra,3,2019,07,01,1000000,0315,02,000022430,000006614,0
9185271,Mousley,Arleyne,2,2018,01,01,1000000,0954,02,000019490,000681945,0
2960046,Hexter,Junette,2,2019,08,15,1000000,0253,01,000023944,000851946,0
0865176,Liddiatt,Harlan,2,2018,07,01,0750000,0074,01,000088896,000471243,0
4176561,Lotze,Merrel,2,2018,10,15,0750000,0143,02,000084926,000201137,0
9361211,MacDiarmid,Gayla,1,2019,04,01,0750000,0475,01,000067743,000537675,0
5735871,Bergeon,Blair,2,2020,09,01,0750000,0821,01,000095401,000724124,0
8124537,Pentony,Barret,2,2019,03,01,0750000,0697,01,000073149,000423720,0
7196883,Keddey,Dalli,2,2018,02,01,0750000,0893,02,000001137,000819880,0
8803886,Benbow,Damiano,3,2020,04,15,0750000,0050,02,000037123,000588662,0
0236293,Tellwright,Cymbre,2,2020,12,15,0750000,0530,02,000080882,000616988,0
3775347,Gartrell,Johann,1,2018,11,01,1000000,0820,02,000043857,000610974,0
4186874,Baxill,Luelle,2,2019,08,01,1000000,0222,01,000068188,000426943,0
1599480,Giberd,Adah,1,2018,03,15,1000000,0126,02,000015439,000267792,0
5585692,Shevels,Darin,2,2018,04,01,1000000,0779,02,000062903,000318939,0
5958288,Herculson,Jillana,2,2018,11,01,0750000,0284,01,000034647,000658341,0
9545087,Mongin,Felicdad,2,2019,06,15,1000000,0376,01,000029756,000927812,0
1162592,Stratley,Willette,2,2019,11,01,1000000,0007,02,000060411,000291007,0
0188087,Velden,Madlen,3,2019,12,15,1000000,0956,02,000035690,000176757,0
8647017,Gentreau,Say,2,2020,12,15,1000000,0055,01,000027701,000170468,0
9889540,Karpov,Dorri,3,2018,03,01,0750000,0466,02,000082081,000678064,0
4278987,Honywill,Jenine,2,2019,03,15,0750000,0249,02,000087847,000382443,0
5888772,Pattemore,Hedwig,3,2019,07,01,0750000,0223,02,000031841,000779235,0
2644986,Oaker,Mimi,3,2018,03,15,1000000,0094,02,000096372,000646094,0
2640806,Bullman,Corilla,1,2018,12,15,0750000,0577,01,000073496,000973109,0
0871272,Benion,Theo,3,2018,11,15,0750000,0879,01,000018516,000570661,0
